{
    "the_office": {
        "LD": 11.889441399999669,
        "FG": 14.352435000000696,
        "ML": 16.142628200000217,
        "GM": 169.66415469999993,
        "LV": 71.67071049999959
    },
    "seinfeld": {
        "LD": 11.41975309999998,
        "FG": 9.810430300000007,
        "ML": 9.980846999999812,
        "GM": 99.52924690000054,
        "LV": 50.70630419999998
    },
    "tbbt": {
        "LD": 12.950927099999717,
        "FG": 10.58808019999924,
        "ML": 11.389791200000218,
        "GM": 67.15900929999952,
        "LV": 48.31150979999984
    },
    "friends": {
        "LD": 17.98014029999922,
        "FG": 15.349845900000219,
        "ML": 17.015924799999993,
        "GM": 136.3186109999997,
        "LV": 48.217040699999416
    }
}